{
 "c": 0.13948919449901767,
 "А": 0.10216110019646366,
 "Х": 0.09037328094302555,
 "8": 0.07269155206286837,
 "М": 0.07072691552062868,
 "r": 0.05893909626719057,
 "Л": 0.0550098231827112,
 "О": 0.04518664047151277,
 "2": 0.0412573673870334,
 "b": 0.03732809430255403,
 "К": 0.03339882121807466,
 "Е": 0.03143418467583497,
 "Д": 0.0275049115913556,
 "Б": 0.025540275049115914,
 "Р": 0.025540275049115914,
 "7": 0.019646365422396856,
 "4": 0.01768172888015717,
 "t": 0.015717092337917484,
 "<": 0.015717092337917484,
 "1": 0.0137524557956778,
 "Ф": 0.0137524557956778,
 "У": 0.009823182711198428,
 "5": 0.005893909626719057,
 ">": 0.005893909626719057,
 "Ч": 0.003929273084479371,
 "?": 0.003929273084479371,
 "И": 0.003929273084479371,
 "П": 0.003929273084479371,
 "a": 0.003929273084479371,
 "Й": 0.0019646365422396855,
 "Ь": 0.0019646365422396855,
 "Ы": 0.0019646365422396855
}